customer_id,customer_region
CU00002,South
CU00004,West
CU00005,North
CU00006,Central
CU00007,West
CU00008,West
CU00009,North
CU00010,South
CU00011,South
CU00012,Central
CU00013,East
CU00014,West
CU00015,South
CU00016,South
CU00018,North
CU00020,East
CU00021,West
CU00022,South
CU00023,Central
CU00024,Central
CU00025,West
CU00026,North
CU00028,North
CU00029,North
CU00030,West
CU00031,West
CU00032,Central
CU00034,South
CU00035,South
CU00036,North
CU00037,North
CU00038,South
CU00039,South
CU00040,East
CU00041,South
CU00042,West
CU00043,West
CU00044,South
CU00045,West
CU00046,West
CU00047,South
CU00048,South
CU00049,West
CU00050,North
CU00051,North
CU00052,North
CU00053,West
CU00054,East
CU00055,West
CU00056,West
CU00057,South
CU00058,East
CU00059,North
CU00060,North
CU00061,East
CU00062,South
CU00064,West
CU00065,East
CU00066,East
CU00067,East
CU00068,South
CU00069,North
CU00070,South
CU00071,North
CU00072,South
CU00073,West
CU00074,South
CU00075,North
CU00076,South
CU00077,South
CU00078,East
CU00079,East
CU00080,West
CU00082,South
CU00083,West
CU00084,North
CU00085,North
CU00086,North
CU00087,West
CU00088,South
CU00089,North
CU00090,East
CU00091,North
CU00092,West
CU00093,South
CU00094,South
CU00095,South
CU00096,East
CU00097,South
CU00098,North
CU00099,North
CU00100,Central
CU00101,Central
CU00102,West
CU00103,South
CU00104,Central
CU00105,West
CU00106,West
CU00107,South
CU00108,South
CU00109,North
CU00110,Central
CU00111,South
CU00112,North
CU00113,South
CU00114,East
CU00115,North
CU00116,West
CU00117,West
CU00118,West
CU00119,South
CU00120,East
CU00121,East
CU00122,East
CU00123,North
CU00124,South
CU00125,North
CU00126,East
CU00127,South
CU00128,North
CU00130,East
CU00131,North
CU00132,Central
CU00133,East
CU00134,South
CU00136,North
CU00137,Central
CU00138,South
CU00139,West
CU00140,North
CU00142,East
CU00143,Central
CU00144,East
CU00145,South
CU00146,South
CU00147,South
CU00148,East
CU00149,South
CU00150,North
CU00151,West
CU00152,Central
CU00153,North
CU00154,East
CU00156,West
CU00157,South
CU00158,East
CU00159,West
CU00160,West
CU00161,North
CU00162,Central
CU00163,South
CU00164,North
CU00165,East
CU00166,South
CU00167,West
CU00168,West
CU00169,South
CU00170,Central
CU00171,South
CU00172,East
CU00173,South
CU00174,Central
CU00175,North
CU00176,North
CU00177,South
CU00178,Central
CU00179,Central
CU00180,West
CU00181,Central
CU00182,Central
CU00183,East
CU00184,South
CU00185,West
CU00186,East
CU00187,South
CU00188,North
CU00189,West
CU00190,South
CU00191,Central
CU00192,South
CU00193,North
CU00194,West
CU00195,North
CU00196,North
CU00197,East
CU00198,West
CU00199,North
CU00200,South
CU00201,West
CU00202,Central
CU00203,East
CU00204,North
CU00205,North
CU00206,South
CU00207,North
CU00208,West
CU00209,North
CU00210,East
CU00211,West
CU00212,East
CU00213,North
CU00214,West
CU00215,West
CU00216,West
CU00217,North
CU00218,North
CU00219,Central
CU00220,South
CU00221,South
CU00222,South
CU00223,East
CU00224,Central
CU00225,South
CU00226,Central
CU00228,East
CU00229,East
CU00230,North
CU00231,North
CU00232,South
CU00234,East
CU00235,Central
CU00236,West
CU00237,South
CU00238,West
CU00239,North
CU00240,North
CU00242,West
CU00243,South
CU00244,East
CU00245,East
CU00247,East
CU00248,South
CU00249,South
CU00250,South
CU00251,East
CU00252,West
CU00253,South
CU00254,South
CU00255,South
CU00256,West
CU00257,West
CU00258,North
CU00259,North
CU00260,East
CU00261,North
CU00262,West
CU00264,North
CU00265,Central
CU00266,North
CU00267,South
CU00268,North
CU00269,North
CU00270,North
CU00271,North
CU00272,North
CU00273,North
CU00274,East
CU00275,West
CU00278,East
CU00279,West
CU00280,West
CU00281,North
CU00282,North
CU00283,South
CU00284,South
CU00285,East
CU00286,South
CU00287,North
CU00288,South
CU00289,East
CU00290,North
CU00291,West
CU00292,North
CU00293,Central
CU00294,North
CU00295,West
CU00296,Central
CU00297,Central
CU00299,West
CU00300,East
CU00301,West
CU00302,North
CU00303,East
CU00304,East
CU00305,West
CU00307,South
CU00308,East
CU00309,South
CU00310,North
CU00311,South
CU00312,South
CU00313,South
CU00314,South
CU00315,South
CU00316,South
CU00317,South
CU00318,West
CU00319,South
CU00320,Central
CU00321,Central
CU00322,South
CU00324,East
CU00325,West
CU00326,East
CU00327,West
CU00328,East
CU00329,East
CU00330,South
CU00331,West
CU00332,North
CU00333,West
CU00334,West
CU00335,North
CU00336,East
CU00338,West
CU00339,North
CU00340,Central
CU00341,North
CU00342,Central
CU00344,East
CU00345,West
CU00346,West
CU00347,Central
CU00348,South
CU00349,East
CU00350,North
CU00351,East
CU00352,North
CU00353,East
CU00354,East
CU00355,South
CU00356,East
CU00357,West
CU00358,West
CU00359,East
CU00361,Central
CU00362,North
CU00363,North
CU00364,North
CU00365,East
CU00366,South
CU00367,West
CU00368,West
CU00369,South
CU00370,Central
CU00371,West
CU00372,South
CU00373,South
CU00374,South
CU00375,North
CU00376,North
CU00377,Central
CU00380,West
CU00381,East
CU00382,Central
CU00383,West
CU00384,South
CU00385,South
CU00386,Central
CU00387,West
CU00388,Central
CU00389,North
CU00390,West
CU00391,East
CU00392,North
CU00394,West
CU00395,North
CU00396,South
CU00397,West
CU00398,South
CU00400,South
CU00401,South
CU00402,Central
CU00403,West
CU00404,North
CU00405,Central
CU00407,South
CU00408,West
CU00409,North
CU00410,Central
CU00411,East
CU00412,East
CU00413,North
CU00414,Central
CU00417,North
CU00418,West
CU00419,North
CU00420,Central
CU00421,East
CU00422,North
CU00423,North
CU00424,North
CU00425,East
CU00426,West
CU00427,South
CU00428,West
CU00429,North
CU00430,West
CU00431,Central
CU00432,West
CU00433,West
CU00434,West
CU00435,North
CU00436,North
CU00437,North
CU00438,East
CU00439,West
CU00440,East
CU00441,West
CU00442,North
CU00443,West
CU00444,North
CU00445,South
CU00446,West
CU00447,Central
CU00449,North
CU00450,East
CU00451,North
CU00452,Central
CU00453,West
CU00454,North
CU00455,North
CU00456,North
CU00457,Central
CU00458,South
CU00459,West
CU00460,East
CU00461,East
CU00462,North
CU00463,Central
CU00465,East
CU00466,West
CU00467,East
CU00468,Central
CU00469,North
CU00470,East
CU00471,South
CU00472,South
CU00473,North
CU00475,South
CU00476,South
CU00477,South
CU00478,East
CU00479,East
CU00480,South
CU00482,North
CU00483,East
CU00485,North
CU00487,South
CU00489,East
CU00490,East
CU00491,West
CU00492,East
CU00493,East
CU00494,South
CU00495,West
CU00496,East
CU00497,South
CU00498,East
CU00499,South
CU00500,East
CU00501,West
CU00502,Central
CU00503,Central
CU00504,East
CU00505,East
CU00506,West
CU00507,South
CU00508,West
CU00510,North
CU00511,North
CU00512,West
CU00513,North
CU00514,South
CU00515,South
CU00516,North
CU00517,South
CU00518,West
CU00519,North
CU00520,West
CU00521,West
CU00522,South
CU00523,North
CU00524,East
CU00525,North
CU00526,South
CU00527,Central
CU00528,Central
CU00529,West
CU00530,South
CU00531,West
CU00532,West
CU00533,South
CU00534,East
CU00535,North
CU00536,North
CU00537,East
CU00538,North
CU00539,North
CU00540,West
CU00542,East
CU00543,West
CU00544,Central
CU00545,North
CU00546,South
CU00547,South
CU00548,North
CU00549,West
CU00550,South
CU00551,South
CU00552,North
CU00553,North
CU00554,Central
CU00555,North
CU00556,South
CU00557,South
CU00558,East
CU00559,East
CU00560,East
CU00561,North
CU00562,South
CU00563,West
CU00564,East
CU00565,East
CU00566,West
CU00568,North
CU00569,South
CU00570,East
CU00571,South
CU00572,West
CU00573,South
CU00574,West
CU00575,West
CU00576,East
CU00577,Central
CU00578,East
CU00579,West
CU00580,South
CU00581,East
CU00582,East
CU00583,North
CU00584,South
CU00585,Central
CU00586,East
CU00587,North
CU00589,North
CU00590,North
CU00591,Central
CU00592,South
CU00593,South
CU00594,East
CU00595,North
CU00596,South
CU00598,East
CU00599,Central
CU00600,East
CU00601,South
CU00602,West
CU00603,Central
CU00604,West
CU00605,Central
CU00606,West
CU00607,West
CU00608,North
CU00609,West
CU00610,South
CU00611,East
CU00612,East
CU00613,Central
CU00614,Central
CU00615,South
CU00617,West
CU00618,South
CU00619,North
CU00620,North
CU00621,West
CU00622,South
CU00623,Central
CU00624,South
CU00625,Central
CU00626,South
CU00627,West
CU00628,North
CU00629,East
CU00630,West
CU00631,Central
CU00633,North
CU00634,South
CU00635,North
CU00636,North
CU00637,West
CU00638,West
CU00639,West
CU00640,West
CU00641,West
CU00642,West
CU00643,North
CU00644,South
CU00645,East
CU00647,North
CU00648,East
CU00649,West
CU00650,North
CU00651,South
CU00652,Central
CU00654,South
CU00655,West
CU00656,South
CU00657,West
CU00659,East
CU00660,South
CU00661,South
CU00662,Central
CU00663,North
CU00664,North
CU00665,South
CU00667,West
CU00668,Central
CU00669,South
CU00670,South
CU00671,North
CU00672,East
CU00673,Central
CU00674,West
CU00675,East
CU00676,South
CU00677,Central
CU00678,East
CU00679,North
CU00680,South
CU00681,North
CU00682,North
CU00683,North
CU00685,East
CU00687,South
CU00688,Central
CU00689,West
CU00690,East
CU00691,South
CU00692,Central
CU00693,South
CU00694,South
CU00695,Central
CU00696,East
CU00697,West
CU00698,East
CU00699,East
CU00700,South
CU00701,South
CU00702,South
CU00703,North
CU00704,West
CU00705,South
CU00706,East
CU00707,West
CU00708,West
CU00709,South
CU00710,South
CU00711,Central
CU00712,West
CU00713,West
CU00714,Central
CU00715,West
CU00716,North
CU00717,East
CU00718,North
CU00719,East
CU00720,Central
CU00721,East
CU00722,South
CU00724,Central
CU00725,North
CU00726,North
CU00727,South
CU00728,North
CU00730,East
CU00731,South
CU00732,North
CU00733,North
CU00734,South
CU00735,North
CU00736,West
CU00737,North
CU00738,South
CU00739,South
CU00740,South
CU00741,North
CU00742,North
CU00743,West
CU00745,East
CU00746,South
CU00747,South
CU00748,South
CU00749,West
CU00750,West
CU00751,South
CU00752,South
CU00753,South
CU00754,South
CU00755,West
CU00756,South
CU00757,South
CU00758,Central
CU00759,North
CU00761,West
CU00763,North
CU00764,North
CU00766,North
CU00767,North
CU00768,North
CU00769,North
CU00770,East
CU00771,South
CU00772,East
CU00773,East
CU00774,West
CU00776,West
CU00777,East
CU00779,West
CU00780,West
CU00781,South
CU00782,Central
CU00783,South
CU00784,East
CU00785,Central
CU00787,West
CU00788,South
CU00789,West
CU00790,East
CU00792,South
CU00793,South
CU00794,North
CU00795,North
CU00796,South
CU00797,North
CU00798,North
CU00799,West
CU00801,West
CU00802,South
CU00803,Central
CU00804,East
CU00805,North
CU00806,North
CU00807,West
CU00808,North
CU00810,Central
CU00811,North
CU00812,North
CU00814,East
CU00815,North
CU00816,Central
CU00817,Central
CU00818,East
CU00819,East
CU00821,North
CU00822,East
CU00823,South
CU00824,East
CU00825,West
CU00826,North
CU00828,South
CU00829,West
CU00830,South
CU00831,East
CU00832,East
CU00833,South
CU00834,West
CU00835,West
CU00836,East
CU00838,Central
CU00839,South
CU00840,East
CU00841,North
CU00842,West
CU00843,East
CU00844,South
CU00845,North
CU00846,Central
CU00847,South
CU00848,West
CU00849,North
CU00850,Central
CU00851,North
CU00852,North
CU00854,Central
CU00856,South
CU00857,West
CU00858,West
CU00859,South
CU00860,East
CU00861,West
CU00862,West
CU00863,West
CU00864,East
CU00865,North
CU00866,Central
CU00867,West
CU00869,North
CU00870,North
CU00871,West
CU00872,North
CU00873,Central
CU00874,South
CU00875,West
CU00876,Central
CU00877,South
CU00878,South
CU00879,East
CU00881,South
CU00882,East
CU00884,South
CU00885,North
CU00886,South
CU00887,South
CU00888,North
CU00889,North
CU00890,West
CU00891,South
CU00892,Central
CU00893,South
CU00894,North
CU00895,West
CU00896,Central
CU00897,South
CU00898,North
CU00899,North
CU00900,East
CU00901,South
CU00902,South
CU00903,North
CU00904,South
CU00905,Central
CU00906,East
CU00907,East
CU00908,North
CU00909,South
CU00910,South
CU00911,West
CU00912,West
CU00913,Central
CU00914,Central
CU00915,Central
CU00916,Central
CU00917,North
CU00919,South
CU00920,East
CU00921,North
CU00923,East
CU00924,East
CU00925,North
CU00926,South
CU00927,North
CU00928,West
CU00929,East
CU00931,South
CU00933,South
CU00934,West
CU00935,West
CU00936,North
CU00937,Central
CU00938,North
CU00939,Central
CU00940,North
CU00941,South
CU00942,West
CU00943,North
CU00944,South
CU00946,South
CU00947,West
CU00948,West
CU00949,West
CU00950,South
CU00952,South
CU00953,South
CU00954,North
CU00955,Central
CU00956,Central
CU00957,West
CU00958,East
CU00959,East
CU00960,East
CU00962,South
CU00963,North
CU00964,North
CU00965,Central
CU00966,South
CU00967,Central
CU00969,East
CU00970,North
CU00971,South
CU00972,North
CU00973,North
CU00974,Central
CU00975,South
CU00976,East
CU00978,South
CU00979,East
CU00980,North
CU00981,Central
CU00982,West
CU00983,West
CU00984,South
CU00985,North
CU00987,South
CU00988,North
CU00989,South
CU00990,West
CU00991,East
CU00992,West
CU00993,West
CU00994,North
CU00995,Central
CU00996,South
CU00998,North
CU00999,Central
CU01000,South
CU01002,South
CU01003,North
CU01004,North
CU01005,East
CU01006,South
CU01007,Central
CU01008,South
CU01009,West
CU01010,South
CU01012,East
CU01013,South
CU01014,Central
CU01015,South
CU01016,North
CU01017,West
CU01018,West
CU01019,North
CU01020,South
CU01021,Central
CU01022,West
CU01023,Central
CU01024,East
CU01025,East
CU01026,South
CU01027,Central
CU01029,West
CU01030,South
CU01031,East
CU01032,West
CU01033,East
CU01034,Central
CU01035,South
CU01036,East
CU01037,South
CU01038,South
CU01039,South
CU01040,North
CU01041,North
CU01042,East
CU01043,East
CU01044,East
CU01045,North
CU01046,South
CU01047,North
CU01048,West
CU01049,West
CU01050,South
CU01051,East
CU01052,North
CU01053,South
CU01054,North
CU01055,South
CU01056,West
CU01057,Central
CU01058,North
CU01059,East
CU01060,West
CU01061,Central
CU01062,East
CU01063,South
CU01064,East
CU01065,South
CU01067,South
CU01068,West
CU01069,North
CU01070,South
CU01071,West
CU01072,East
CU01073,South
CU01074,Central
CU01075,West
CU01076,South
CU01077,East
CU01078,South
CU01079,East
CU01080,South
CU01081,South
CU01083,Central
CU01084,West
CU01085,Central
CU01086,West
CU01087,West
CU01088,West
CU01090,South
CU01091,South
CU01092,East
CU01093,South
CU01094,South
CU01095,East
CU01096,South
CU01097,North
CU01098,West
CU01099,West
CU01100,North
CU01101,North
CU01102,South
CU01103,West
CU01104,West
CU01105,North
CU01106,West
CU01107,North
CU01108,South
CU01109,Central
CU01110,North
CU01111,North
CU01113,East
CU01115,Central
CU01116,North
CU01117,North
CU01118,West
CU01120,Central
CU01121,East
CU01122,North
CU01123,West
CU01124,North
CU01125,South
CU01126,East
CU01127,East
CU01128,West
CU01130,Central
CU01131,Central
CU01132,East
CU01133,North
CU01134,West
CU01135,Central
CU01136,South
CU01137,South
CU01138,South
CU01139,North
CU01140,West
CU01141,South
CU01143,West
CU01144,West
CU01145,South
CU01146,South
CU01147,West
CU01148,West
CU01149,East
CU01150,Central
CU01151,North
CU01152,West
CU01153,North
CU01154,North
CU01155,East
CU01156,North
CU01157,North
CU01158,North
CU01159,South
CU01160,West
CU01161,North
CU01162,East
CU01164,North
CU01165,North
CU01166,West
CU01167,West
CU01168,East
CU01169,West
CU01170,North
CU01171,South
CU01172,West
CU01173,South
CU01174,West
CU01175,East
CU01176,West
CU01177,South
CU01178,South
CU01179,North
CU01180,North
CU01181,West
CU01182,North
CU01183,North
CU01184,North
CU01185,North
CU01186,West
CU01188,Central
CU01189,North
CU01190,East
CU01191,South
CU01192,South
CU01193,West
CU01194,Central
CU01195,West
CU01196,North
CU01197,South
CU01198,East
CU01199,South
CU01200,West
CU01201,East
CU01202,East
CU01203,West
CU01204,West
CU01206,North
CU01208,South
CU01209,South
CU01210,South
CU01211,West
CU01212,West
CU01213,East
CU01214,South
CU01215,South
CU01216,East
CU01217,South
CU01218,East
CU01219,West
CU01220,North
CU01221,North
CU01222,North
CU01223,Central
CU01224,East
CU01225,North
CU01226,Central
CU01227,South
CU01228,South
CU01229,Central
CU01230,North
CU01231,North
CU01232,East
CU01233,North
CU01234,West
CU01235,North
CU01236,North
CU01237,North
CU01238,South
CU01239,North
CU01240,North
CU01241,West
CU01242,South
CU01243,South
CU01244,North
CU01245,South
CU01246,South
CU01247,East
CU01248,North
CU01249,Central
CU01250,Central
CU01251,North
CU01253,North
CU01254,East
CU01255,North
CU01256,West
CU01257,West
CU01258,West
CU01259,East
CU01260,Central
CU01263,South
CU01264,Central
CU01265,East
CU01266,West
CU01267,North
CU01268,Central
CU01269,East
CU01270,East
CU01271,Central
CU01272,South
CU01273,South
CU01274,East
CU01275,North
CU01276,South
CU01278,North
CU01279,West
CU01280,East
CU01281,South
CU01282,South
CU01283,South
CU01284,East
CU01285,Central
CU01286,Central
CU01287,South
CU01288,South
CU01289,South
CU01290,East
CU01291,South
CU01292,East
CU01293,East
CU01294,South
CU01296,South
CU01297,North
CU01298,North
CU01300,South
CU01301,North
CU01303,West
CU01304,South
CU01305,West
CU01306,Central
CU01307,East
CU01308,East
CU01309,North
CU01310,Central
CU01311,South
CU01312,Central
CU01313,East
CU01314,North
CU01315,North
CU01317,East
CU01318,North
CU01319,West
CU01320,West
CU01321,East
CU01322,South
CU01323,North
CU01324,West
CU01325,South
CU01326,West
CU01327,South
CU01328,East
CU01329,South
CU01330,North
CU01332,East
CU01333,East
CU01334,Central
CU01335,Central
CU01336,West
CU01337,North
CU01338,East
CU01339,West
CU01340,South
CU01341,North
CU01342,West
CU01343,South
CU01344,East
CU01346,East
CU01347,South
CU01348,South
CU01350,North
CU01351,West
CU01353,South
CU01355,West
CU01356,North
CU01357,East
CU01358,South
CU01359,West
CU01360,North
CU01362,South
CU01363,East
CU01364,North
CU01365,South
CU01366,East
CU01367,North
CU01368,North
CU01369,North
CU01370,South
CU01371,North
CU01372,Central
CU01373,South
CU01374,West
CU01375,Central
CU01376,North
CU01378,West
CU01379,East
CU01380,South
CU01381,South
CU01383,East
CU01384,Central
CU01385,Central
CU01386,North
CU01387,West
CU01388,South
CU01389,Central
CU01391,Central
CU01392,West
CU01393,North
CU01394,North
CU01395,West
CU01396,North
CU01397,East
CU01398,Central
CU01399,East
CU01400,South
CU01401,South
CU01402,North
CU01403,Central
CU01404,South
CU01406,South
CU01407,Central
CU01408,North
CU01409,West
CU01410,West
CU01411,West
CU01412,Central
CU01413,West
CU01414,Central
CU01415,North
CU01417,East
CU01418,East
CU01419,Central
CU01420,Central
CU01421,West
CU01422,South
CU01423,South
CU01425,South
CU01426,South
CU01427,North
CU01428,North
CU01429,West
CU01430,South
CU01431,Central
CU01432,East
CU01433,North
CU01434,North
CU01435,North
CU01436,Central
CU01437,North
CU01438,East
CU01439,Central
CU01440,Central
CU01441,South
CU01442,North
CU01443,North
CU01444,North
CU01445,North
CU01446,East
CU01447,Central
CU01448,East
CU01449,East
CU01450,North
CU01451,West
CU01452,East
CU01453,West
CU01454,Central
CU01455,South
CU01456,North
CU01457,South
CU01458,South
CU01459,Central
CU01460,South
CU01461,West
CU01462,East
CU01463,North
CU01464,South
CU01465,East
CU01466,West
CU01467,South
CU01468,South
CU01469,West
CU01470,North
CU01471,Central
CU01472,North
CU01473,North
CU01474,East
CU01475,East
CU01476,East
CU01477,South
CU01478,Central
CU01479,South
CU01480,South
CU01481,South
CU01482,North
CU01483,East
CU01484,South
CU01485,East
CU01486,North
CU01487,Central
CU01489,Central
CU01490,South
CU01491,North
CU01492,West
CU01493,East
CU01494,West
CU01495,South
CU01496,East
CU01497,West
CU01498,East
CU01499,South
CU01500,East
CU01501,West
CU01503,South
CU01504,South
CU01506,East
CU01507,West
CU01508,South
CU01509,North
CU01510,West
CU01513,East
CU01514,West
CU01515,Central
CU01516,South
CU01517,North
CU01518,Central
CU01519,North
CU01520,North
CU01521,South
CU01522,East
CU01523,Central
CU01524,West
CU01526,North
CU01527,South
CU01528,South
CU01529,North
CU01530,South
CU01531,South
CU01532,North
CU01533,East
CU01534,West
CU01535,North
CU01536,South
CU01537,West
CU01538,West
CU01539,West
CU01540,South
CU01541,West
CU01543,South
CU01544,North
CU01545,South
CU01547,South
CU01548,West
CU01549,South
CU01550,South
CU01551,North
CU01552,South
CU01553,South
CU01554,South
CU01555,South
CU01556,West
CU01557,Central
CU01558,East
CU01559,East
CU01560,West
CU01561,Central
CU01562,East
CU01563,Central
CU01564,Central
CU01565,West
CU01566,South
CU01567,North
CU01568,North
CU01569,South
CU01570,East
CU01571,South
CU01572,East
CU01573,East
CU01574,West
CU01575,North
CU01576,South
CU01577,West
CU01578,West
CU01579,Central
CU01580,West
CU01581,Central
CU01582,South
CU01583,South
CU01584,South
CU01585,East
CU01586,Central
CU01587,South
CU01588,East
CU01589,South
CU01590,North
CU01592,North
CU01594,South
CU01595,West
CU01596,West
CU01597,North
CU01599,West
CU01600,South
CU01601,Central
CU01602,North
CU01603,West
CU01605,South
CU01606,South
CU01607,Central
CU01608,South
CU01609,South
CU01610,South
CU01611,South
CU01612,West
CU01613,West
CU01614,South
CU01615,West
CU01616,North
CU01617,North
CU01618,East
CU01619,Central
CU01620,North
CU01621,North
CU01622,East
CU01623,West
CU01624,North
CU01625,South
CU01626,West
CU01627,South
CU01628,North
CU01629,North
CU01630,South
CU01631,South
CU01632,West
CU01634,West
CU01635,Central
CU01636,South
CU01637,South
CU01639,South
CU01640,West
CU01641,West
CU01642,North
CU01643,South
CU01644,North
CU01645,North
CU01646,South
CU01647,South
CU01648,West
CU01649,Central
CU01650,West
CU01652,South
CU01653,South
CU01654,North
CU01655,Central
CU01656,South
CU01657,South
CU01658,West
CU01659,South
CU01660,North
CU01661,North
CU01662,East
CU01663,West
CU01664,North
CU01665,Central
CU01666,West
CU01667,West
CU01668,South
CU01670,West
CU01671,South
CU01672,East
CU01674,North
CU01675,West
CU01676,Central
CU01677,West
CU01678,South
CU01679,West
CU01680,East
CU01681,West
CU01682,West
CU01683,West
CU01684,South
CU01685,North
CU01686,South
CU01687,East
CU01688,East
CU01689,East
CU01690,South
CU01691,West
CU01692,Central
CU01694,West
CU01695,West
CU01696,East
CU01697,North
CU01698,West
CU01699,Central
CU01700,West
CU01702,Central
CU01703,South
CU01704,East
CU01705,South
CU01706,Central
CU01707,North
CU01708,South
CU01709,West
CU01710,South
CU01711,West
CU01712,South
CU01713,Central
CU01714,Central
CU01715,South
CU01716,West
CU01717,South
CU01718,East
CU01719,East
CU01720,West
CU01721,North
CU01723,West
CU01724,East
CU01725,East
CU01726,North
CU01727,South
CU01728,West
CU01729,North
CU01730,South
CU01731,Central
CU01732,North
CU01733,West
CU01734,South
CU01735,West
CU01736,West
CU01737,Central
CU01738,North
CU01739,East
CU01740,West
CU01741,South
CU01742,South
CU01743,North
CU01744,Central
CU01745,West
CU01746,East
CU01747,West
CU01748,East
CU01749,South
CU01750,South
CU01751,East
CU01752,North
CU01753,Central
CU01754,West
CU01756,East
CU01757,North
CU01758,Central
CU01759,Central
CU01760,Central
CU01761,South
CU01762,North
CU01763,North
CU01764,North
CU01765,North
CU01766,North
CU01767,Central
CU01768,North
CU01769,North
CU01770,West
CU01771,East
CU01772,West
CU01773,East
CU01775,East
CU01776,East
CU01777,West
CU01778,South
CU01779,South
CU01780,South
CU01781,North
CU01782,West
CU01783,South
CU01784,North
CU01785,South
CU01787,South
CU01788,West
CU01789,West
CU01791,West
CU01792,South
CU01793,North
CU01794,West
CU01795,Central
CU01796,South
CU01797,East
CU01798,South
CU01800,East
CU01802,East
CU01803,North
CU01804,West
CU01805,West
CU01806,West
CU01807,North
CU01808,South
CU01809,South
CU01810,North
CU01811,South
CU01812,South
CU01813,West
CU01814,South
CU01815,West
CU01816,East
CU01817,West
CU01818,South
CU01819,East
CU01820,East
CU01821,Central
CU01822,East
CU01823,East
CU01824,East
CU01825,West
CU01826,North
CU01827,East
CU01828,South
CU01829,Central
CU01830,East
CU01831,South
CU01832,Central
CU01833,South
CU01834,North
CU01835,North
CU01836,North
CU01837,North
CU01839,West
CU01840,West
CU01841,North
CU01842,East
CU01843,North
CU01844,Central
CU01845,North
CU01846,East
CU01847,South
CU01848,East
CU01849,South
CU01850,West
CU01851,South
CU01852,Central
CU01853,East
CU01854,West
CU01855,West
CU01856,Central
CU01857,South
CU01858,South
CU01859,South
CU01860,South
CU01861,East
CU01862,Central
CU01863,Central
CU01864,East
CU01865,East
CU01866,West
CU01867,Central
CU01869,East
CU01872,South
CU01873,Central
CU01874,Central
CU01875,Central
CU01876,West
CU01877,South
CU01878,South
CU01880,East
CU01881,East
CU01884,West
CU01885,South
CU01886,South
CU01887,North
CU01888,North
CU01889,West
CU01891,South
CU01892,West
CU01893,East
CU01894,North
CU01895,South
CU01896,North
CU01897,East
CU01898,South
CU01900,North
CU01901,East
CU01902,North
CU01903,West
CU01904,North
CU01905,East
CU01906,South
CU01907,South
CU01908,North
CU01909,West
CU01910,Central
CU01911,North
CU01912,North
CU01913,Central
CU01914,East
CU01915,North
CU01916,North
CU01917,East
CU01918,West
CU01919,East
CU01920,Central
CU01921,East
CU01922,South
CU01923,South
CU01924,South
CU01925,South
CU01926,North
CU01928,West
CU01929,North
CU01930,South
CU01931,East
CU01932,East
CU01934,West
CU01935,West
CU01936,North
CU01937,South
CU01938,East
CU01939,South
CU01940,North
CU01941,South
CU01943,South
CU01944,North
CU01945,West
CU01946,Central
CU01947,North
CU01949,North
CU01950,Central
CU01951,Central
CU01952,North
CU01953,West
CU01954,Central
CU01955,Central
CU01956,Central
CU01957,East
CU01958,North
CU01959,West
CU01960,East
CU01961,East
CU01962,South
CU01963,East
CU01964,North
CU01965,West
CU01966,North
CU01967,West
CU01969,South
CU01970,East
CU01971,South
CU01972,Central
CU01973,West
CU01974,South
CU01975,North
CU01976,North
CU01977,South
CU01978,Central
CU01979,West
CU01980,North
CU01982,South
CU01983,West
CU01984,South
CU01985,East
CU01986,Central
CU01987,South
CU01988,West
CU01990,North
CU01991,North
CU01994,North
CU01995,South
CU01996,West
CU01997,South
CU01999,West
CU02000,East
CU02001,West
CU02002,South
CU02003,Central
CU02004,East
CU02005,North
CU02006,Central
CU02007,South
CU02008,North
CU02009,North
CU02010,West
CU02012,South
CU02013,North
CU02014,South
CU02015,South
CU02016,East
CU02017,South
CU02018,North
CU02019,East
CU02020,South
CU02022,North
CU02023,North
CU02024,South
CU02025,South
CU02026,South
CU02027,West
CU02028,South
CU02029,East
CU02030,East
CU02031,North
CU02032,East
CU02033,South
CU02035,North
CU02036,West
CU02037,Central
CU02038,North
CU02039,East
CU02040,West
CU02041,South
CU02042,West
CU02043,East
CU02044,Central
CU02045,Central
CU02046,North
CU02047,South
CU02048,East
CU02049,North
CU02050,South
CU02051,Central
CU02052,North
CU02053,South
CU02055,South
CU02056,South
CU02057,Central
CU02058,South
CU02059,North
CU02060,North
CU02062,South
CU02063,East
CU02064,North
CU02065,South
CU02066,Central
CU02067,East
CU02068,Central
CU02071,West
CU02072,South
CU02073,South
CU02074,West
CU02075,South
CU02076,East
CU02077,Central
CU02078,North
CU02079,South
CU02080,North
CU02081,South
CU02082,North
CU02083,West
CU02084,North
CU02085,West
CU02086,South
CU02087,South
CU02088,South
CU02089,West
CU02090,South
CU02093,East
CU02094,North
CU02095,Central
CU02096,South
CU02099,North
CU02100,South
CU02101,West
CU02102,North
CU02103,West
CU02104,Central
CU02105,East
CU02106,West
CU02107,West
CU02108,Central
CU02109,South
CU02110,North
CU02112,East
CU02113,North
CU02114,East
CU02115,North
CU02116,Central
CU02117,South
CU02118,North
CU02119,North
CU02120,South
CU02121,South
CU02122,North
CU02123,South
CU02124,North
CU02125,South
CU02126,South
CU02127,South
CU02128,South
CU02130,North
CU02131,North
CU02133,Central
CU02134,Central
CU02135,East
CU02137,South
CU02138,West
CU02139,West
CU02140,West
CU02141,Central
CU02142,South
CU02143,West
CU02145,South
CU02146,Central
CU02147,North
CU02148,Central
CU02149,West
CU02150,North
CU02151,East
CU02152,North
CU02153,West
CU02154,West
CU02155,East
CU02157,North
CU02158,South
CU02159,South
CU02160,North
CU02161,South
CU02162,South
CU02163,South
CU02165,West
CU02166,South
CU02167,Central
CU02168,South
CU02169,South
CU02170,East
CU02171,South
CU02172,South
CU02173,East
CU02174,North
CU02176,East
CU02177,South
CU02180,Central
CU02181,West
CU02182,Central
CU02183,West
CU02184,North
CU02185,East
CU02187,West
CU02188,East
CU02189,South
CU02190,Central
CU02192,East
CU02193,West
CU02194,North
CU02195,East
CU02196,West
CU02197,North
CU02198,East
CU02199,South
CU02200,East
CU02201,North
CU02202,Central
CU02203,Central
CU02204,North
CU02205,South
CU02206,East
CU02207,West
CU02208,South
CU02209,North
CU02210,North
CU02211,Central
CU02212,South
CU02214,South
CU02215,Central
CU02216,North
CU02217,North
CU02218,Central
CU02219,Central
CU02220,South
CU02222,South
CU02223,South
CU02224,North
CU02225,Central
CU02227,West
CU02228,North
CU02229,North
CU02230,East
CU02232,East
CU02234,Central
CU02235,West
CU02236,West
CU02238,South
CU02239,South
CU02240,East
CU02241,South
CU02242,North
CU02243,South
CU02244,South
CU02245,South
CU02246,North
CU02247,South
CU02248,East
CU02249,South
CU02250,South
CU02251,East
CU02252,West
CU02253,South
CU02254,East
CU02255,Central
CU02256,East
CU02258,West
CU02259,North
CU02260,South
CU02261,West
CU02262,Central
CU02263,South
CU02264,North
CU02265,East
CU02266,North
CU02267,West
CU02268,East
CU02270,West
CU02271,East
CU02272,East
CU02273,West
CU02274,West
CU02275,West
CU02276,North
CU02277,East
CU02278,North
CU02279,West
CU02280,East
CU02281,South
CU02282,North
CU02283,South
CU02284,West
CU02285,North
CU02286,North
CU02287,Central
CU02288,West
CU02289,North
CU02290,South
CU02291,Central
CU02292,West
CU02293,East
CU02294,South
CU02295,South
CU02296,North
CU02297,West
CU02298,North
CU02299,North
CU02300,West
CU02301,Central
CU02302,West
CU02303,South
CU02304,South
CU02305,South
CU02306,South
CU02307,East
CU02308,South
CU02309,East
CU02310,Central
CU02311,Central
CU02312,North
CU02313,South
CU02315,South
CU02316,South
CU02317,North
CU02318,West
CU02319,East
CU02321,North
CU02322,North
CU02323,South
CU02324,North
CU02325,South
CU02326,Central
CU02327,North
CU02328,North
CU02329,East
CU02330,East
CU02331,East
CU02332,South
CU02333,West
CU02334,North
CU02335,South
CU02336,West
CU02337,West
CU02338,South
CU02339,East
CU02340,North
CU02341,North
CU02342,North
CU02343,West
CU02344,South
CU02345,West
CU02346,North
CU02347,West
CU02349,North
CU02351,North
CU02352,West
CU02354,East
CU02355,South
CU02356,West
CU02357,South
CU02358,East
CU02359,Central
CU02360,North
CU02362,North
CU02363,South
CU02364,Central
CU02365,East
CU02366,West
CU02367,South
CU02368,South
CU02369,South
CU02370,East
CU02371,South
CU02373,South
CU02374,South
CU02375,South
CU02376,North
CU02377,West
CU02378,East
CU02379,North
CU02380,West
CU02381,West
CU02382,South
CU02383,North
CU02384,North
CU02385,North
CU02387,Central
CU02388,North
CU02389,West
CU02390,North
CU02391,East
CU02392,West
CU02393,South
CU02394,North
CU02395,East
CU02396,Central
CU02397,South
CU02398,North
CU02399,North
CU02400,East
CU02401,East
CU02402,West
CU02404,Central
CU02405,West
CU02406,South
CU02407,East
CU02408,South
CU02409,South
CU02410,Central
CU02411,West
CU02412,Central
CU02413,South
CU02414,East
CU02415,South
CU02416,North
CU02417,South
CU02418,East
CU02419,North
CU02420,Central
CU02421,North
CU02423,West
CU02424,North
CU02425,Central
CU02426,West
CU02427,North
CU02428,West
CU02429,East
CU02430,West
CU02431,West
CU02432,West
CU02433,East
CU02434,South
CU02435,West
CU02436,Central
CU02437,East
CU02438,East
CU02440,West
CU02442,North
CU02443,North
CU02444,East
CU02446,East
CU02447,North
CU02448,South
CU02449,East
CU02450,East
CU02451,East
CU02452,West
CU02454,West
CU02455,East
CU02456,East
CU02457,East
CU02458,North
CU02459,South
CU02460,East
CU02461,West
CU02462,West
CU02463,North
CU02464,East
CU02465,South
CU02466,West
CU02467,West
CU02468,East
CU02469,East
CU02470,South
CU02471,South
CU02472,West
CU02473,West
CU02474,East
CU02475,South
CU02476,North
CU02479,South
CU02480,Central
CU02481,East
CU02482,South
CU02483,North
CU02484,South
CU02485,West
CU02486,South
CU02487,West
CU02488,West
CU02489,North
CU02490,East
CU02491,Central
CU02492,South
CU02493,North
CU02494,Central
CU02495,Central
CU02496,East
CU02498,North
CU02499,West
CU02500,East
CU02501,North
CU02502,West
CU02503,Central
CU02504,West
CU02505,South
CU02506,North
CU02507,Central
CU02508,Central
CU02509,East
CU02510,East
CU02511,South
CU02512,South
CU02513,North
CU02515,South
CU02516,West
CU02517,North
CU02519,East
CU02520,North
CU02521,North
CU02522,East
CU02525,Central
CU02526,North
CU02527,Central
CU02528,Central
CU02529,West
CU02530,East
CU02531,East
CU02532,East
CU02533,West
CU02534,North
CU02535,Central
CU02536,East
CU02537,West
CU02538,South
CU02539,North
CU02540,East
CU02541,East
CU02542,South
CU02543,South
CU02544,South
CU02545,East
CU02548,North
CU02549,South
CU02550,South
CU02552,East
CU02553,East
CU02554,Central
CU02555,South
CU02556,West
CU02557,North
CU02558,South
CU02559,South
CU02560,North
CU02561,East
CU02562,West
CU02563,West
CU02564,East
CU02565,East
CU02566,South
CU02567,North
CU02568,North
CU02569,East
CU02570,Central
CU02571,North
CU02572,East
CU02573,West
CU02574,West
CU02575,East
CU02576,East
CU02577,West
CU02578,West
CU02579,North
CU02580,Central
CU02581,North
CU02582,West
CU02583,North
CU02584,North
CU02585,North
CU02586,South
CU02587,South
CU02588,North
CU02589,South
CU02590,South
CU02591,West
CU02592,Central
CU02593,East
CU02594,North
CU02595,South
CU02596,Central
CU02597,North
CU02598,South
CU02599,Central
CU02601,South
CU02602,East
CU02603,South
CU02604,West
CU02605,North
CU02606,North
CU02607,East
CU02608,South
CU02609,East
CU02610,South
CU02612,West
CU02613,East
CU02614,West
CU02615,South
CU02616,East
CU02617,North
CU02618,West
CU02619,West
CU02620,Central
CU02621,West
CU02622,Central
CU02623,South
CU02624,Central
CU02625,East
CU02626,South
CU02627,East
CU02628,South
CU02629,South
CU02630,South
CU02632,East
CU02633,Central
CU02634,East
CU02635,East
CU02636,South
CU02637,South
CU02638,North
CU02639,West
CU02640,North
CU02641,West
CU02642,West
CU02643,East
CU02644,West
CU02645,South
CU02646,Central
CU02647,West
CU02648,West
CU02649,East
CU02650,West
CU02651,Central
CU02652,South
CU02653,West
CU02654,West
CU02655,South
CU02656,Central
CU02658,East
CU02660,South
CU02661,West
CU02662,South
CU02663,South
CU02664,South
CU02665,East
CU02666,West
CU02667,Central
CU02668,North
CU02669,East
CU02670,South
CU02671,East
CU02672,South
CU02673,South
CU02674,South
CU02675,East
CU02677,South
CU02678,West
CU02680,South
CU02682,West
CU02684,East
CU02685,South
CU02686,West
CU02687,South
CU02688,West
CU02689,South
CU02690,East
CU02691,Central
CU02693,West
CU02695,West
CU02696,North
CU02698,North
CU02699,South
CU02700,West
CU02701,West
CU02702,East
CU02703,South
CU02704,West
CU02705,West
CU02706,South
CU02707,Central
CU02708,South
CU02710,East
CU02711,Central
CU02712,South
CU02713,South
CU02715,West
CU02716,South
CU02717,East
CU02718,Central
CU02719,North
CU02721,East
CU02722,West
CU02723,South
CU02724,South
CU02725,North
CU02726,West
CU02727,West
CU02728,North
CU02729,South
CU02730,Central
CU02731,North
CU02732,South
CU02733,East
CU02734,South
CU02735,South
CU02736,South
CU02737,North
CU02738,East
CU02739,West
CU02740,East
CU02741,North
CU02742,West
CU02743,North
CU02744,West
CU02745,South
CU02746,West
CU02747,North
CU02748,North
CU02749,East
CU02750,North
CU02752,West
CU02753,West
CU02755,Central
CU02756,West
CU02758,West
CU02760,East
CU02761,East
CU02762,Central
CU02763,North
CU02764,South
CU02765,North
CU02766,Central
CU02767,South
CU02768,West
CU02769,West
CU02770,Central
CU02771,North
CU02772,West
CU02773,Central
CU02774,North
CU02775,West
CU02777,East
CU02778,East
CU02779,South
CU02780,North
CU02781,North
CU02782,North
CU02783,East
CU02784,South
CU02785,North
CU02786,West
CU02787,West
CU02788,East
CU02789,Central
CU02791,West
CU02793,West
CU02794,Central
CU02795,West
CU02797,East
CU02798,South
CU02799,West
CU02800,West
CU02801,Central
CU02802,East
CU02803,North
CU02804,East
CU02805,North
CU02806,South
CU02807,South
CU02808,West
CU02809,North
CU02810,North
CU02811,North
CU02812,West
CU02813,West
CU02814,North
CU02815,North
CU02816,East
CU02817,South
CU02818,East
CU02819,South
CU02820,Central
CU02821,South
CU02822,West
CU02823,North
CU02825,Central
CU02826,West
CU02827,South
CU02828,North
CU02829,West
CU02830,West
CU02832,South
CU02833,South
CU02834,West
CU02835,West
CU02836,East
CU02837,East
CU02838,South
CU02839,South
CU02840,North
CU02841,West
CU02842,South
CU02844,South
CU02846,East
CU02847,South
CU02849,West
CU02850,South
CU02851,South
CU02852,South
CU02853,West
CU02854,South
CU02855,West
CU02856,Central
CU02857,East
CU02858,South
CU02859,West
CU02861,South
CU02862,East
CU02863,South
CU02864,North
CU02865,South
CU02866,North
CU02867,South
CU02868,East
CU02869,Central
CU02870,North
CU02871,East
CU02872,South
CU02873,North
CU02874,South
CU02875,North
CU02876,North
CU02877,South
CU02878,South
CU02879,East
CU02880,North
CU02881,North
CU02882,North
CU02883,East
CU02884,South
CU02886,South
CU02887,North
CU02888,Central
CU02891,North
CU02892,Central
CU02893,East
CU02894,East
CU02895,Central
CU02896,North
CU02897,Central
CU02898,North
CU02899,East
CU02901,South
CU02902,Central
CU02903,North
CU02904,Central
CU02905,South
CU02906,East
CU02907,Central
CU02908,North
CU02909,Central
CU02910,East
CU02911,West
CU02912,North
CU02913,East
CU02914,West
CU02915,South
CU02916,North
CU02917,South
CU02918,West
CU02919,North
CU02920,West
CU02921,Central
CU02922,North
CU02923,North
CU02924,West
CU02925,North
CU02926,East
CU02927,West
CU02929,South
CU02930,West
CU02931,East
CU02932,North
CU02933,East
CU02934,Central
CU02935,East
CU02936,South
CU02938,North
CU02939,South
CU02940,North
CU02941,Central
CU02942,South
CU02943,West
CU02944,North
CU02945,South
CU02946,South
CU02947,South
CU02948,West
CU02949,Central
CU02950,West
CU02951,North
CU02952,West
CU02954,Central
CU02955,East
CU02956,South
CU02957,North
CU02958,North
CU02959,South
CU02960,Central
CU02961,West
CU02962,Central
CU02963,North
CU02964,East
CU02965,South
CU02966,East
CU02967,South
CU02968,South
CU02969,East
CU02970,North
CU02971,South
CU02972,East
CU02973,North
CU02974,Central
CU02975,East
CU02976,West
CU02977,East
CU02978,West
CU02979,West
CU02980,West
CU02981,East
CU02982,South
CU02983,North
CU02984,East
CU02985,North
CU02986,South
CU02987,North
CU02988,East
CU02989,North
CU02990,East
CU02991,West
CU02992,West
CU02993,South
CU02994,East
CU02995,East
CU02996,South
CU02997,East
CU02998,North
CU02999,Central
CU03000,North
CU03001,West
CU03002,East
CU03003,South
CU03004,West
CU03005,North
CU03006,West
CU03007,East
CU03008,North
CU03009,North
CU03010,West
CU03011,South
CU03012,Central
CU03013,West
CU03014,West
CU03015,South
CU03017,Central
CU03018,North
CU03019,South
CU03020,South
CU03021,South
CU03022,West
CU03023,South
CU03024,East
CU03026,North
CU03027,South
CU03028,West
CU03029,East
CU03030,South
CU03031,West
CU03032,North
CU03033,South
CU03034,South
CU03035,Central
CU03036,West
CU03037,East
CU03038,North
CU03039,North
CU03040,East
CU03041,South
CU03042,Central
CU03043,West
CU03044,South
CU03048,East
CU03049,Central
CU03050,South
CU03051,Central
CU03052,North
CU03053,East
CU03054,West
CU03055,East
CU03056,East
CU03057,East
CU03058,North
CU03059,North
CU03060,South
CU03061,East
CU03062,South
CU03063,South
CU03064,Central
CU03065,South
CU03066,South
CU03067,South
CU03068,North
CU03069,West
CU03070,South
CU03071,North
CU03072,Central
CU03073,West
CU03074,West
CU03075,West
CU03076,Central
CU03077,South
CU03078,East
CU03079,East
CU03080,South
CU03081,South
CU03083,East
CU03084,West
CU03085,West
CU03086,South
CU03087,North
CU03088,South
CU03089,East
CU03090,Central
CU03091,West
CU03092,Central
CU03093,West
CU03094,Central
CU03095,South
CU03096,North
CU03097,North
CU03098,South
CU03099,South
CU03101,Central
CU03102,North
CU03103,Central
CU03104,West
CU03105,East
CU03106,West
CU03107,South
CU03108,East
CU03109,North
CU03110,Central
CU03111,South
CU03112,South
CU03113,West
CU03114,East
CU03115,South
CU03116,East
CU03117,North
CU03118,West
CU03119,South
CU03120,South
CU03121,North
CU03122,South
CU03123,South
CU03125,North
CU03126,North
CU03127,East
CU03128,North
CU03129,West
CU03130,Central
CU03132,Central
CU03133,North
CU03134,North
CU03135,West
CU03136,West
CU03137,West
CU03139,West
CU03140,South
CU03141,South
CU03142,North
CU03143,Central
CU03144,North
CU03145,West
CU03146,East
CU03148,West
CU03149,West
CU03150,North
CU03151,North
CU03152,East
CU03153,South
CU03155,North
CU03156,South
CU03157,North
CU03158,North
CU03159,Central
CU03160,South
CU03161,Central
CU03162,Central
CU03163,North
CU03164,West
CU03165,East
CU03167,North
CU03168,North
CU03169,North
CU03170,East
CU03171,Central
CU03172,West
CU03173,West
CU03174,Central
CU03175,West
CU03176,North
CU03177,West
CU03178,South
CU03179,North
CU03180,East
CU03181,Central
CU03183,East
CU03184,North
CU03185,North
CU03186,North
CU03187,West
CU03188,West
CU03189,North
CU03190,South
CU03192,North
CU03193,East
CU03194,West
CU03195,East
CU03196,South
CU03197,East
CU03198,North
CU03199,North
CU03200,Central
CU03201,West
CU03202,Central
CU03203,Central
CU03204,East
CU03205,Central
CU03206,South
CU03207,North
CU03208,North
CU03211,South
CU03212,West
CU03213,West
CU03214,East
CU03216,West
CU03217,South
CU03218,North
CU03219,South
CU03220,South
CU03223,West
CU03224,West
CU03225,North
CU03226,West
CU03227,West
CU03228,North
CU03229,East
CU03230,South
CU03231,South
CU03232,North
CU03233,East
CU03234,North
CU03235,North
CU03236,North
CU03237,Central
CU03238,South
CU03239,South
CU03240,South
CU03241,Central
CU03243,Central
CU03244,South
CU03245,North
CU03246,East
CU03247,South
CU03248,West
CU03250,South
CU03252,East
CU03253,South
CU03254,South
CU03255,North
CU03256,West
CU03257,North
CU03258,South
CU03259,East
CU03260,North
CU03262,West
CU03263,North
CU03264,South
CU03265,South
CU03266,South
CU03267,North
CU03268,West
CU03269,Central
CU03270,North
CU03271,Central
CU03273,East
CU03274,West
CU03275,West
CU03276,West
CU03277,South
CU03278,East
CU03279,South
CU03280,North
CU03281,East
CU03283,South
CU03284,North
CU03285,North
CU03286,East
CU03287,East
CU03288,South
CU03289,North
CU03290,South
CU03291,South
CU03292,West
CU03293,East
CU03294,East
CU03295,South
CU03297,West
CU03298,East
CU03299,South
CU03301,Central
CU03302,South
CU03303,South
CU03304,Central
CU03305,West
CU03306,North
CU03307,North
CU03308,North
CU03309,East
CU03310,North
CU03311,Central
CU03312,Central
CU03313,East
CU03314,East
CU03315,South
CU03316,North
CU03317,West
CU03318,North
CU03320,South
CU03321,North
CU03322,South
CU03323,West
CU03324,West
CU03325,East
CU03326,West
CU03328,West
CU03329,East
CU03330,South
CU03331,Central
CU03332,South
CU03333,North
CU03334,South
CU03335,South
CU03336,South
CU03337,East
CU03338,Central
CU03339,South
CU03340,East
CU03341,South
CU03342,West
CU03343,North
CU03344,North
CU03345,East
CU03346,West
CU03347,West
CU03348,East
CU03349,West
CU03351,North
CU03352,North
CU03353,North
CU03354,South
CU03355,East
CU03356,South
CU03357,East
CU03358,South
CU03359,West
CU03360,East
CU03361,South
CU03362,South
CU03363,East
CU03364,East
CU03366,South
CU03367,West
CU03368,East
CU03369,North
CU03370,South
CU03371,Central
CU03372,North
CU03374,North
CU03375,East
CU03376,South
CU03377,North
CU03378,Central
CU03379,South
CU03380,Central
CU03381,South
CU03382,West
CU03383,Central
CU03384,East
CU03385,North
CU03386,West
CU03387,East
CU03388,Central
CU03390,South
CU03391,North
CU03392,West
CU03393,Central
CU03394,North
CU03395,West
CU03396,Central
CU03397,North
CU03398,North
CU03399,West
CU03400,East
CU03401,North
CU03402,West
CU03403,East
CU03404,Central
CU03406,West
CU03407,East
CU03408,South
CU03409,East
CU03410,North
CU03411,East
CU03412,North
CU03413,East
CU03414,North
CU03415,South
CU03416,South
CU03417,East
CU03418,West
CU03419,North
CU03420,West
CU03421,West
CU03422,South
CU03423,East
CU03424,South
CU03425,North
CU03426,East
CU03427,North
CU03428,West
CU03429,Central
CU03430,West
CU03432,East
CU03433,Central
CU03434,South
CU03435,North
CU03436,East
CU03437,South
CU03439,North
CU03440,East
CU03441,South
CU03442,North
CU03443,North
CU03444,South
CU03445,West
CU03447,West
CU03448,West
CU03449,South
CU03450,West
CU03451,West
CU03453,North
CU03454,North
CU03455,Central
CU03456,West
CU03457,Central
CU03458,Central
CU03459,North
CU03460,West
CU03461,South
CU03463,North
CU03464,South
CU03465,West
CU03466,West
CU03468,South
CU03469,South
CU03470,Central
CU03471,South
CU03472,South
CU03473,East
CU03474,South
CU03475,East
CU03476,South
CU03477,West
CU03478,Central
CU03480,East
CU03481,South
CU03482,West
CU03485,West
CU03486,West
CU03487,West
CU03488,West
CU03492,North
CU03493,West
CU03494,East
CU03495,North
CU03496,West
CU03498,West
CU03499,South
CU03500,West
CU03501,South
CU03502,East
CU03503,North
CU03504,East
CU03505,West
CU03506,East
CU03507,East
CU03508,West
CU03509,West
CU03510,South
CU03511,Central
CU03512,West
CU03513,Central
CU03514,Central
CU03515,Central
CU03516,West
CU03517,East
CU03518,North
CU03519,East
CU03520,West
CU03521,East
CU03522,West
CU03523,North
CU03524,South
CU03525,East
CU03526,South
CU03527,North
CU03528,North
CU03529,West
CU03530,South
CU03531,North
CU03533,South
CU03534,North
CU03535,West
CU03536,West
CU03537,South
CU03538,East
CU03539,North
CU03540,South
CU03541,Central
CU03542,East
CU03543,Central
CU03544,South
CU03545,South
CU03546,South
CU03547,South
CU03548,Central
CU03549,North
CU03551,West
CU03552,East
CU03553,South
CU03554,East
CU03555,South
CU03556,West
CU03557,East
CU03558,Central
CU03560,East
CU03561,West
CU03562,East
CU03563,Central
CU03564,North
CU03565,Central
CU03566,West
CU03567,West
CU03568,South
CU03569,West
CU03570,South
CU03571,West
CU03573,South
CU03574,South
CU03575,South
CU03578,South
CU03579,West
CU03580,North
CU03581,West
CU03582,West
CU03583,South
CU03584,West
CU03585,Central
CU03586,West
CU03587,South
CU03588,South
CU03589,West
CU03590,South
CU03591,West
CU03592,South
CU03593,West
CU03594,North
CU03595,North
CU03596,Central
CU03597,West
CU03599,Central
CU03600,South
CU03601,South
CU03602,North
CU03603,East
CU03604,South
CU03605,Central
CU03606,North
CU03607,North
CU03608,South
CU03610,South
CU03611,East
CU03612,South
CU03613,East
CU03614,Central
CU03616,West
CU03617,South
CU03618,North
CU03619,South
CU03620,Central
CU03621,East
CU03622,South
CU03623,South
CU03624,West
CU03625,East
CU03626,East
CU03627,Central
CU03628,West
CU03630,North
CU03631,North
CU03632,Central
CU03633,East
CU03634,South
CU03635,East
CU03636,North
CU03637,West
CU03638,North
CU03639,West
CU03640,East
CU03641,South
CU03642,North
CU03643,West
CU03644,North
CU03645,North
CU03646,West
CU03647,South
CU03648,South
CU03649,South
CU03650,West
CU03651,South
CU03652,North
CU03653,South
CU03654,North
CU03655,South
CU03656,North
CU03657,North
CU03658,South
CU03659,West
CU03660,North
CU03661,North
CU03662,Central
CU03663,Central
CU03664,West
CU03665,South
CU03666,South
CU03667,North
CU03668,North
CU03669,South
CU03670,East
CU03672,East
CU03673,South
CU03674,South
CU03675,West
CU03676,West
CU03677,South
CU03678,East
CU03679,South
CU03680,North
CU03681,West
CU03682,North
CU03683,South
CU03684,South
CU03685,North
CU03686,North
CU03687,South
CU03688,Central
CU03689,East
CU03690,South
CU03692,East
CU03693,North
CU03694,East
CU03695,West
CU03696,South
CU03697,South
CU03698,North
CU03699,North
CU03700,South
CU03702,South
CU03703,East
CU03704,West
CU03705,North
CU03706,North
CU03707,South
CU03708,West
CU03709,South
CU03710,West
CU03711,West
CU03712,West
CU03713,Central
CU03714,West
CU03715,West
CU03716,West
CU03717,West
CU03718,West
CU03720,South
CU03721,East
CU03723,West
CU03724,South
CU03725,West
CU03726,West
CU03727,Central
CU03728,South
CU03729,West
CU03730,West
CU03731,Central
CU03733,East
CU03735,North
CU03736,Central
CU03737,South
CU03739,West
CU03740,South
CU03741,North
CU03742,North
CU03743,West
CU03744,East
CU03745,North
CU03746,West
CU03747,South
CU03748,West
CU03749,South
CU03750,North
CU03751,North
CU03752,East
CU03753,South
CU03754,West
CU03755,South
CU03756,South
CU03757,South
CU03758,South
CU03759,Central
CU03760,North
CU03762,South
CU03763,North
CU03765,North
CU03766,West
CU03767,East
CU03768,South
CU03769,East
CU03770,East
CU03772,Central
CU03773,West
CU03774,West
CU03775,West
CU03776,East
CU03777,West
CU03778,North
CU03779,West
CU03780,Central
CU03781,North
CU03782,West
CU03784,South
CU03785,East
CU03786,Central
CU03787,Central
CU03788,North
CU03789,South
CU03790,West
CU03791,South
CU03793,North
CU03794,North
CU03795,East
CU03796,East
CU03797,East
CU03798,West
CU03799,South
CU03800,South
CU03801,North
CU03802,North
CU03803,South
CU03804,North
CU03805,North
CU03807,East
CU03808,East
CU03809,Central
CU03810,West
CU03811,East
CU03812,North
CU03813,East
CU03814,North
CU03815,South
CU03816,South
CU03817,South
CU03818,South
CU03819,West
CU03820,West
CU03821,West
CU03822,East
CU03823,East
CU03824,North
CU03825,West
CU03826,East
CU03827,South
CU03828,South
CU03829,Central
CU03830,East
CU03831,South
CU03832,East
CU03834,South
CU03835,South
CU03836,South
CU03837,West
CU03838,North
CU03839,West
CU03840,South
CU03841,West
CU03843,East
CU03844,East
CU03845,Central
CU03846,East
CU03847,West
CU03848,West
CU03849,South
CU03850,South
CU03851,South
CU03852,South
CU03853,South
CU03854,South
CU03855,East
CU03856,North
CU03857,West
CU03858,South
CU03859,West
CU03861,South
CU03862,North
CU03863,West
CU03864,South
CU03866,South
CU03867,East
CU03868,South
CU03869,East
CU03870,South
CU03871,South
CU03873,North
CU03874,North
CU03875,Central
CU03876,South
CU03877,North
CU03878,Central
CU03879,North
CU03881,West
CU03882,Central
CU03883,West
CU03884,South
CU03885,Central
CU03886,North
CU03887,Central
CU03888,West
CU03889,Central
CU03890,South
CU03892,East
CU03893,East
CU03894,East
CU03895,Central
CU03896,East
CU03897,South
CU03898,South
CU03899,North
CU03900,North
CU03903,West
CU03904,East
CU03905,South
CU03906,East
CU03907,West
CU03908,Central
CU03909,East
CU03911,East
CU03912,South
CU03913,West
CU03914,South
CU03915,South
CU03916,South
CU03917,East
CU03918,East
CU03919,East
CU03920,South
CU03921,North
CU03922,West
CU03923,South
CU03924,Central
CU03925,North
CU03926,East
CU03927,East
CU03928,West
CU03929,North
CU03930,Central
CU03931,East
CU03932,East
CU03933,East
CU03934,North
CU03935,East
CU03936,South
CU03938,East
CU03939,East
CU03940,North
CU03941,North
CU03942,North
CU03943,North
CU03944,East
CU03945,North
CU03947,North
CU03948,North
CU03949,West
CU03950,South
CU03951,South
CU03952,Central
CU03954,West
CU03955,North
CU03957,Central
CU03958,Central
CU03959,North
CU03960,South
CU03961,South
CU03963,West
CU03964,South
CU03965,South
CU03966,North
CU03967,East
CU03968,North
CU03969,South
CU03970,North
CU03971,Central
CU03972,North
CU03973,East
CU03974,North
CU03975,North
CU03976,North
CU03977,North
CU03978,North
CU03979,East
CU03980,East
CU03982,South
CU03983,East
CU03985,South
CU03986,North
CU03987,South
CU03988,South
CU03989,Central
CU03990,Central
CU03991,Central
CU03992,South
CU03993,North
CU03994,South
CU03995,South
CU03996,North
CU03997,North
CU03998,South
CU03999,South
CU04000,North
